name,code,dataelement,categoryCombo,Version
MOH 731 Tested_1-9 HV01-01,Y18_HV01-01,OePJt8CcZ0d,NhSoXUMPK2K,18
MOH 731 Tested_10-14 (M) HV01-02,Y18_HV01-02,lj9QYJqS7bN,NhSoXUMPK2K,18
MOH 731 Tested_10-14(F) HV01-03,Y18_HV01-03,gMICOUtzqRb,NhSoXUMPK2K,18
MOH 731 Tested_15-19 (M) HV01-04,Y18_HV01-04,XiRbc0DSMOH,NhSoXUMPK2K,18
MOH 731 Tested_15-19(F) HV01-05,Y18_HV01-05,YXJf27jfkvS,NhSoXUMPK2K,18
MOH 731 Tested_20-24(M) HV01-06,Y18_HV01-06,pkShOkgNQt2,NhSoXUMPK2K,18
MOH 731 Tested_20-24(F) HV01-07,Y18_HV01-07,JiuqbydCIcy,NhSoXUMPK2K,18
MOH 731 Tested_25+ (M) HV01-08,Y18_HV01-08,gTkVw97FnQK,NhSoXUMPK2K,18
MOH 731 Tested_25+ (F) HV01-09,Y18_HV01-09,atSQz5O7e2A,NhSoXUMPK2K,18
MOH 731 Tested_Total (Sum HV01-01 to HV01-10) HV01-10,Y18_HV01-10,NOga2tabGrd,NhSoXUMPK2K,18
MOH 731 Tested_New HV01-13,Y18_HV01-13,OYGWqG4HnBZ,NhSoXUMPK2K,18
MOH 731 Tested_Repeat HV01-14,Y18_HV01-14,M6hV3ObOCHV,NhSoXUMPK2K,18
MOH 731 Tested_KeyPop HV01-16,Y18_HV01-16,Th97Ccd4BuJ,NhSoXUMPK2K,18
MOH 731 Positive_1-9 HV01-17,Y18_HV01-17,du5RMT3aecB,NhSoXUMPK2K,18
MOH 731 Positive_20-24(M) HV01-12,Y18_HV01-22,F9OR49Lc1aR,NhSoXUMPK2K,18
MOH 731 Positive_Total (Sum HV01-18 to HV01-25) HV01-26,Y18_HV01-26,dlldM4hP2Wk,NhSoXUMPK2K,18
MOH 731 Negative_Total HV01-27,Y18_HV01-27,qw7eJpLE3vK,NhSoXUMPK2K,18
MOH 731 Positive_KeyPop HV01-29,Y18_HV01-29,M5zablilTPO,NhSoXUMPK2K,18
MOH 731 Linked_1-9 yrs HV01-30,Y18_HV01-30,EXmKDudsMNb,NhSoXUMPK2K,18
MOH 731 Linked_10-14 HV01-31,Y18_HV01-31,fuX0Qzg218I,NhSoXUMPK2K,18
MOH 731 Linked_15-19 HV01-32,Y18_HV01-32,fXErbzykgKz,NhSoXUMPK2K,18
MOH 731 Linked_20-24 HV01-33,Y18_HV01-33,kAvepmaQr9c,NhSoXUMPK2K,18
MOH 731 Linked_25+ HV01-34,Y18_HV01-34,WOjriy3w7Fh,NhSoXUMPK2K,18
MOH 731 Linked_Total HV01-35,Y18_HV01-35,NYkr7LlxmUg,NhSoXUMPK2K,18
MOH 731 Total tested positive (3 months ago) HV01-36,Y18_HV01-36,l2OiHQroa5M,NhSoXUMPK2K,18
MOH 731 Assesed 15-19 Yrs(M) HV01-37,Y18_HV01-37,tv9aE5k0IqF,NhSoXUMPK2K,18
MOH 731 Assesed 15-19 Yrs(F) HV01-38,Y18_HV01-38,Kb5NZ5AadY3,NhSoXUMPK2K,18
MOH 731 Assessed 20-24 Yrs(M) HV01-39,Y18_HV01-39,EzuWF48G6ep,NhSoXUMPK2K,18
MOH 731 Assessed 20-24 Yrs(F) HV01-40,Y18_HV01-40,usVko3BNxUz,NhSoXUMPK2K,18
MOH 731 Assessed 25-29 Yrs(M) HV01-41,Y18_HV01-41,cr3CkBQcqGI,NhSoXUMPK2K,18
MOH 731 Assessed 25-29 Yrs(F) HV01-42,Y18_HV01-42,jF9pdL3SuHL,NhSoXUMPK2K,18
MOH 731 Assessed 30 yrs & older(M) HV01-43,Y18_HV01-43,Te9pM8UoINV,NhSoXUMPK2K,18
MOH 731 Assessed 30 yrs & older(F) HV01-44,Y18_HV01-44,ZG5LOYaEecn,NhSoXUMPK2K,18
MOH 731 Total Assessded for HIV Risk ( HV01-39 - HV01-45) HV01-45,Y18_HV01-45,hrRIahUNIDc,NhSoXUMPK2K,18
MOH 731 15-24 (M) HV01-46,Y18_HV01-46,fqj4xHg5t5t,NhSoXUMPK2K,18
MOH 731 15-24 (F) HV01-47,Y18_HV01-47,vRVLmMCRuN9,NhSoXUMPK2K,18
MOH 731 25+ (M) HV01-48,Y18_HV01-48,Pbl9S4jD6sw,NhSoXUMPK2K,18
MOH 731 25+ (F) HV01-49,Y18_HV01-49,vxJMFFkYUsI,NhSoXUMPK2K,18
MOH 731 Total HV01-50,Y18_HV01-50,q50r2FWg6de,NhSoXUMPK2K,18
MOH 731 1st ANC Visits HV02-01,Y18_HV02-01,uSxBUWnagGg,NhSoXUMPK2K,18
MOH 731 Delivery from HIV+ mothers HV02-02,Y18_HV02-02,C8xdcRWT9d2,NhSoXUMPK2K,18
MOH 731 Known Positive at 1st ANC HV02-03,Y18_HV02-03,qSgLzXh46n9,NhSoXUMPK2K,18
MOH 731 Initial test at ANC HV02-04,Y18_HV02-04,ETX9cUWF43c,NhSoXUMPK2K,18
MOH 731 Initial test at L&D HV02-05,Y18_HV02-05,mQz4DhBSv9V,NhSoXUMPK2K,18
MOH 731 Initial test at PNC_PNC<=6wks HV02-06,Y18_HV02-06,LQpQQP3KnU1,NhSoXUMPK2K,18
MOH 731 Known HIV Status_Total HV02-07,Y18_HV02-07,ssqPT53vnZf,NhSoXUMPK2K,18
MOH 731 Retesting_PNC<= 6 weeks HV02-08,Y18_HV02-08,kk8BEq4Jlf7,NhSoXUMPK2K,18
MOH 731 Tested_PNC> 6weeks to 6 months HV02-09,Y18_HV02-09,PXUzSsmeY0P,NhSoXUMPK2K,18
MOH 731 Known Positive at 1st ANC HV02-10,Y18_HV02-10,oZc8MNc0nLZ,NhSoXUMPK2K,18
MOH 731 Positive Results_ANC HV02-11,Y18_HV02-11,nwXS5vxrrr7,NhSoXUMPK2K,18
MOH 731 Positive Results _L&D HV02-12,Y18_HV02-12,hn3aChn4sVx,NhSoXUMPK2K,18
MOH 731 Positive Results_PNC<=6wks HV02-13,Y18_HV02-13,AfHArvGun12,NhSoXUMPK2K,18
MOH 731 Total Positive (Add HV02-10 - HV02-14) HV02-15,Y18_HV02-15,KYpWTsp2yHv,NhSoXUMPK2K,18
MOH 731 On HAART at 1st ANC HV02-16,Y18_HV02-16,lJpaBye9B0H,NhSoXUMPK2K,18
MOH 731 Start HAART_ANC HV02-17,Y18_HV02-17,WNFWVHMqPv9,NhSoXUMPK2K,18
MOH 731 Start HAART_L&D HV02-18,Y18_HV02-18,ckPCoAwmWmT,NhSoXUMPK2K,18
MOH 731 Start HAART_PNC<=6wks HV02-19,Y18_HV02-19,vkOYqEesPAi,NhSoXUMPK2K,18
MOH 731 On maternal HAART_Total HV02-20,Y18_HV02-20,PyDKoTxqKB9,NhSoXUMPK2K,18
MOH 731 Start HAART_PNC> 6weeks to 6 months HV02-21,Y18_HV02-21,UMyB7dSIdz1,NhSoXUMPK2K,18
MOH 731 On maternal HAART_12mths HV02-22,Y18_HV02-22,wMYMF6VVcCW,NhSoXUMPK2K,18
MOH 731 Net Cohort_12 mths HV02-23,Y18_HV02-23,MciNE2W7sor,NhSoXUMPK2K,18
MOH 731 Syphilis Screened_1st ANC HV02-24,Y18_HV02-24,i5jVVTm1vI8,NhSoXUMPK2K,18
MOH 731 Syphilis Screened_Positive HV02-25,Y18_HV02-25,hZrdUVigO54,NhSoXUMPK2K,18
MOH 731 Syphilis_Treated HV02-26,Y18_HV02-26,UdXbP4fFObF,NhSoXUMPK2K,18
MOH 731 HIV+ On Modern FP_at 6wks HV02-27,Y18_HV02-27,Y0hKWx5oza6,NhSoXUMPK2K,18
MOH 731 HIV+_PNC Visits_at 6wks HV02-28,Y18_HV02-28,VBCPSPnEnPx,NhSoXUMPK2K,18
MOH 731 Known Status_1st Contact HV02-29,Y18_HV02-29,DUr6GIyAR0h,NhSoXUMPK2K,18
MOH 731 Initial test at ANC_Male HV02-30,Y18_HV02-30,W8kBodAGDBo,NhSoXUMPK2K,18
MOH 731 Initial test at L&D_Male HV02-31,Y18_HV02-31,HsJtt7Nzn1z,NhSoXUMPK2K,18
MOH 731 Initial test at PNC_Male HV02-32,Y18_HV02-32,mM9oXTBwkXS,NhSoXUMPK2K,18
MOH 731 Total Known Status_Male HV02-33,Y18_HV02-33,WcO6ZWYvXPB,NhSoXUMPK2K,18
MOH 731 1st ANC KP adolescents (10-19) HV02-34,Y18_HV02-34,YzC4XfEm8E6,NhSoXUMPK2K,18
MOH 731 Positive result Adolescents_Total HV02-35,Y18_HV02-35,APBLLBYtVP3,NhSoXUMPK2K,18
MOH 731 Started HAART adolescents_Total HV02-36,Y18_HV02-36,C5b8YcNtR8D,NhSoXUMPK2K,18
MOH 731 Known Exposure_at Penta 1 HV02-37,Y18_HV02-37,SAva1cicjiX,NhSoXUMPK2K,18
MOH 731 Total Given Penta 1 HV02-38,Y18_HV02-38,wc8k1HwRUB6,NhSoXUMPK2K,18
MOH 731 Infant ARV Prophyl_ANC HV02-39,Y18_HV02-39,HAumxpKBaoK,NhSoXUMPK2K,18
MOH 731 Infant ARV Prophyl_L&D HV02-40,Y18_HV02-40,Jn6ATTfXp02,NhSoXUMPK2K,18
MOH 731 Infant ARV Prophyl<8wks_PNC HV02-41,Y18_HV02-41,RY1js5pK2Ep,NhSoXUMPK2K,18
MOH 731 Total ARV prophylaxis HV02-42,Y18_HV02-42,PgYIC96gz70,NhSoXUMPK2K,18
MOH 731 HEI CTX/DDS start_<2months HV02-43,Y18_HV02-43,OMEeGtvqlx1,NhSoXUMPK2K,18
MOH 731 Initial PCR < 8wks HV02-44,Y18_HV02-44,UIok7l6W4nh,NhSoXUMPK2K,18
MOH 731 Initial PCR_>8wks -12 mths HV02-45,Y18_HV02-45,KQDcvUpq0rx,NhSoXUMPK2K,18
MOH 731 Initial PCR Test<12mths_Total HV02-46,Y18_HV02-46,R0CoqawtNCc,NhSoXUMPK2K,18
MOH 731 Infected_24mths HV02-47,Y18_HV02-47,DMr8fYCKJzF,NhSoXUMPK2K,18
MOH 731 Uninfected_24mths HV02-48,Y18_HV02-48,uMEWtdvqMj2,NhSoXUMPK2K,18
MOH 731 Unknown_Outcome HV02-49,Y18_HV02-49,SNaQTm9pPNb,NhSoXUMPK2K,18
MOH 731 Net cohort_HEI_24 months HV02-50,Y18_HV02-50,xHufJhG2OJx,NhSoXUMPK2K,18
MOH 731 Mother-baby pairs_24mths HV02-51,Y18_HV02-51,Sb7py5Bpscw,NhSoXUMPK2K,18
MOH 731 Pair net cohort_24 months HV02-52,Y18_HV02-52,AyIWn14DRdG,NhSoXUMPK2K,18
MOH 731 EBF (at 6 months) HV02-53,Y18_HV02-53,w8Mh4mNrZkF,NhSoXUMPK2K,18
MOH 731 ERF (at 6 months) HV02-54,Y18_HV02-54,iWhHBwe5R1H,NhSoXUMPK2K,18
MOH 731 MF (at 6 months) HV02-55,Y18_HV02-55,l2BRlJnfhmJ,NhSoXUMPK2K,18
MOH 731 BF (at 12 months) HV02-56,Y18_HV02-56,DO7Ix0h8vfS,NhSoXUMPK2K,18
MOH 731 Not BF (at 12 months) HV02-57,Y18_HV02-57,efy1HMhR4NC,NhSoXUMPK2K,18
MOH 731 BF ( at18 months) HV02-58,Y18_HV02-58,JJDVvDJ02cb,NhSoXUMPK2K,18
MOH 731 Not BF (at 18 months) HV02-59,Y18_HV02-59,HzahP52iTLK,NhSoXUMPK2K,18
MOH 731 Enrolled_<1 HV03-001,Y18_HV03-001,Nj4fdwBMPSv,NhSoXUMPK2K,18
MOH 731 Enrolled_1-9 HV03-002,Y18_HV03-002,Qx6MQyeLsbW,NhSoXUMPK2K,18
MOH 731 Enrolled_10-14(M) HV03-003,Y18_HV03-003,voKyCW93y78,NhSoXUMPK2K,18
MOH 731 Enrolled_10-14 (F) HV03-004,Y18_HV03-004,fEreYoprpD1,NhSoXUMPK2K,18
MOH 731 Enrolled_15-19(M) HV03-005,Y18_HV03-005,k3XKbFkk2ZR,NhSoXUMPK2K,18
MOH 731 Enrolled_15-19 (F) HV03-006,Y18_HV03-006,tCuuWVCan0K,NhSoXUMPK2K,18
MOH 731 Enrolled_20-24(M) HV03-007,Y18_HV03-007,IEPIbqqB7FP,NhSoXUMPK2K,18
MOH 731 Enrolled_20-24 (F) HV03-008,Y18_HV03-008,nNE84uVg0xN,NhSoXUMPK2K,18
MOH 731 Enrolled_25+(M) HV03-009,Y18_HV03-009,LGMBmncr1Qw,NhSoXUMPK2K,18
MOH 731 Enrolled_25+ (F) HV03-010,Y18_HV03-010,FsnRF3p3qVc,NhSoXUMPK2K,18
MOH 731 Enrolled_Total (Sum HV03-001 to HV03-010) HV03-011,Y18_HV03-011,JljuWsCDpma,NhSoXUMPK2K,18
MOH 731 Enrolled in Care_KeyPop HV03-012,Y18_HV03-012,V01uOnqxmca,NhSoXUMPK2K,18
MOH 731 In Pre ART_0-14 HV03-013,Y18_HV03-013,KknDtmFfDBM,NhSoXUMPK2K,18
MOH 731 In Pre ART_15+ HV03-014,Y18_HV03-014,Vhx18QRosUs,NhSoXUMPK2K,18
MOH 731 In Pre ART_Total(HV03-13+HV03-14 HV03-015,Y18_HV03-015,W3vq00wM6BL,NhSoXUMPK2K,18
MOH 731 Start ART_<1 HV03-016,Y18_HV03-016,mACm1JUzeLT,NhSoXUMPK2K,18
MOH 731 Start ART_1-9 HV03-017,Y18_HV03-017,Hbc2qRi0U5x,NhSoXUMPK2K,18
MOH 731 Start ART_10-14(M) HV03-018,Y18_HV03-018,LC2OqnUC5Sn,NhSoXUMPK2K,18
MOH 731 Start ART_10-14 (F) HV03-019,Y18_HV03-019,jthpt5cVV9c,NhSoXUMPK2K,18
MOH 731 Start ART_15-19(M) HV03-020,Y18_HV03-020,yWkSi8L3qGm,NhSoXUMPK2K,18
MOH 731 Start ART_15-19 (F) HV03-021,Y18_HV03-021,DaNcGZnkclz,NhSoXUMPK2K,18
MOH 731 Start ART_20-24(M) HV03-022,Y18_HV03-022,K59f8nZ5vhy,NhSoXUMPK2K,18
MOH 731 Start ART_20-24 (F) HV03-023,Y18_HV03-023,zNCSlBKbS6d,NhSoXUMPK2K,18
MOH 731 Start ART_25+(M) HV03-024,Y18_HV03-024,SCMKsiNj6c5,NhSoXUMPK2K,18
MOH 731 Start ART_25+ (F) HV03-025,Y18_HV03-025,Nv4OkbdDvmm,NhSoXUMPK2K,18
MOH 731 Start ART_Total (Sum HV03-018 to HV03-029) HV03-026,Y18_HV03-026,sEtNuNusKTT,NhSoXUMPK2K,18
MOH 731 Start ART_KeyPop HV03-027,Y18_HV03-027,tLrIZPv43Tk,NhSoXUMPK2K,18
MOH 731 On ART_<1 HV03-028,Y18_HV03-028,SJL4k6Gl53C,NhSoXUMPK2K,18
MOH 731 On ART_1-9 HV03-029,Y18_HV03-029,wbJOu4h2SSz,NhSoXUMPK2K,18
MOH 731 On ART_10-14(M) HV03-030,Y18_HV03-030,Jbu4if6gtDp,NhSoXUMPK2K,18
MOH 731 On ART_10-14 (F) HV03-031,Y18_HV03-031,GSEmLUnrvzj,NhSoXUMPK2K,18
MOH 731 On ART_15-19(M) HV03-032,Y18_HV03-032,oOOnacUi9Jm,NhSoXUMPK2K,18
MOH 731 On ART_15-19 (F) HV03-033,Y18_HV03-033,AQsTt7jtKbt,NhSoXUMPK2K,18
MOH 731 On ART_20-24(M) HV03-034,Y18_HV03-034,e93GKJTHKAX,NhSoXUMPK2K,18
MOH 731 On ART_20-24 (F) HV03-035,Y18_HV03-035,EhZQp3PTA3C,NhSoXUMPK2K,18
MOH 731 On ART_25+(M) HV03-036,Y18_HV03-036,pR7VzBydoj3,NhSoXUMPK2K,18
MOH 731 On ART_25+ (F) HV03-037,Y18_HV03-037,yNCUlEYkmyA,NhSoXUMPK2K,18
MOH 731 On ART_Total (Sum HV03-034 to HV03-043) HV03-038,Y18_HV03-038,PUrg2dmCjGI,NhSoXUMPK2K,18
MOH 731 On ART_KeyPop (HIV3-038 plus HIV3-050) HV03-039,Y18_HV03-039,Jjl0ei5K2XL,NhSoXUMPK2K,18
MOH 731 On ART _12mths HV03-040,Y18_HV03-040,S1z1doLHQg1,NhSoXUMPK2K,18
MOH 731 Net Cohort_12mths HV03-041,Y18_HV03-041,cbrwRebovN1,NhSoXUMPK2K,18
MOH 731 Viral load <1000_12mths HV03-042,Y18_HV03-042,RNfqUayuZP2,NhSoXUMPK2K,18
MOH 731 Viral load result_12mths HV03-043,Y18_HV03-043,MR5lxj7v7Lt,NhSoXUMPK2K,18
MOH 731 On CTX/DDS_<1 HV03-044,Y18_HV03-044,cHsaND37lsM,NhSoXUMPK2K,18
MOH 731 On CTX/DDS_1-9 HV03-045,Y18_HV03-045,bApoj9WVrgW,NhSoXUMPK2K,18
MOH 731 On CTX/DDS_10-14 HV03-046,Y18_HV03-046,SJ0wy4wfe8A,NhSoXUMPK2K,18
MOH 731 On CTX/DDS_15-19 HV03-047,Y18_HV03-047,DgIkkP1XAYG,NhSoXUMPK2K,18
MOH 731 On CTX/DDS_20-24 HV03-048,Y18_HV03-048,DH7miEgpVP2,NhSoXUMPK2K,18
MOH 731 On CTX/DDS_25+ HV03-049,Y18_HV03-049,sNPnPD56nzD,NhSoXUMPK2K,18
MOH 731 On CTX/DDS_Total HV03-050,Y18_HV03-050,QrHtUO7UsaM,NhSoXUMPK2K,18
MOH 731 Screen for TB_<1 HV03-051,Y18_HV03-051,UIIkCIajLVh,NhSoXUMPK2K,18
MOH 731 Screen for TB _1-9 HV03-052,Y18_HV03-052,TxR1FNVfzMH,NhSoXUMPK2K,18
MOH 731 Screen for TB _10-14 HV03-053,Y18_HV03-053,YQGzbNSKQV5,NhSoXUMPK2K,18
MOH 731 Screen for TB _15-19 HV03-054,Y18_HV03-054,piVmBFjFkfM,NhSoXUMPK2K,18
MOH 731 Screen for TB _20-24 HV03-055,Y18_HV03-055,cbaDJgQ2X4k,NhSoXUMPK2K,18
MOH 731 Screen for TB _25+ HV03-056,Y18_HV03-056,LyNflllos12,NhSoXUMPK2K,18
MOH 731 Screen for TB_Total HV03-057,Y18_HV03-057,KgiStXnhQBo,NhSoXUMPK2K,18
MOH 731 Presumed TB_Total HV03-058,Y18_HV03-058,PWKRih8EgBF,NhSoXUMPK2K,18
MOH 731 Start IPT_<1 HV03-059,Y18_HV03-059,W1Y1DC0wDUd,NhSoXUMPK2K,18
MOH 731 Start IPT _1-9 HV03-060,Y18_HV03-060,HkupH0VZK2I,NhSoXUMPK2K,18
MOH 731 Start IPT _10-14 HV03-061,Y18_HV03-061,tmSTLmcpAGb,NhSoXUMPK2K,18
MOH 731 Start IPT _15-19 HV03-062,Y18_HV03-062,HNMPXD5GbCn,NhSoXUMPK2K,18
MOH 731 Start IPT _20-24 HV03-063,Y18_HV03-063,BQ1kgSFRLHZ,NhSoXUMPK2K,18
MOH 731 Start IPT _25+ HV03-064,Y18_HV03-064,Ue4hEtq10cK,NhSoXUMPK2K,18
MOH 731 Start IPT_Total HV03-065,Y18_HV03-065,DLFvLQffF8K,NhSoXUMPK2K,18
MOH 731 Completed IPT_12months HV03-066,Y18_HV03-066,IqkEA3etj2f,NhSoXUMPK2K,18
MOH 731 Nutrition Assess_<15 HV03-067,Y18_HV03-067,EqhcLCyzn6b,NhSoXUMPK2K,18
MOH 731 Nutrition Assess _15+ HV03-068,Y18_HV03-068,ONFHSFsYoPS,NhSoXUMPK2K,18
MOH 731 Nutrition Assess_Total HV03-069,Y18_HV03-069,rfKxE6918Sa,NhSoXUMPK2K,18
MOH 731 Malnourished_<15 HV03-070,Y18_HV03-070,FuDzKYjF69C,NhSoXUMPK2K,18
MOH 731 Malnourished_15+ HV03-071,Y18_HV03-071,j0x31E1xybY,NhSoXUMPK2K,18
MOH 731 Malnourished_Total HV03-072,Y18_HV03-072,oUsZ0Zo2YhG,NhSoXUMPK2K,18
MOH 731 FBP Provided_<15 HV03-073,Y18_HV03-073,rwTvrrkKot4,NhSoXUMPK2K,18
MOH 731 FBP Provided_15+ HV03-074,Y18_HV03-074,PXMPO6t3FIh,NhSoXUMPK2K,18
MOH 731 FBP Provided_Total HV03-075,Y18_HV03-075,wIUVuHpWTkW,NhSoXUMPK2K,18
MOH 731 TB cases _New HV03-076,Y18_HV03-076,Vb9I1VRoaZt,NhSoXUMPK2K,18
MOH 731 TB Cases _Known Positive(KPs) HV03-077,Y18_HV03-077,TXJ3QlKmD10,NhSoXUMPK2K,18
MOH 731 TB Cases Tested_HIV HV03-078,Y18_HV03-078,d4AJudCesPI,NhSoXUMPK2K,18
MOH 731 TB_Known status HV03-079,Y18_HV03-079,I6cSo3w0TkN,NhSoXUMPK2K,18
MOH 731 TB_New HIV Positive HV03-080,Y18_HV03-080,jjXPL4ZIuIU,NhSoXUMPK2K,18
MOH 731 TB Cases_Total HIV+ (HV03-077+080) HV03-081,Y18_HV03-081,rXpPsImxbBx,NhSoXUMPK2K,18
MOH 731 TB_already on HAART HV03-082,Y18_HV03-082,IOy5jgQqfHU,NhSoXUMPK2K,18
MOH 731 TB_start_HAART HV03-083,Y18_HV03-083,PIxcR1T5ORh,NhSoXUMPK2K,18
MOH 731 TB_Total on HAART(HV03-082+083) HV03-084,Y18_HV03-084,sqTqnSR7PGk,NhSoXUMPK2K,18
MOH 731 Community ART current(M) HV03-085,Y18_HV03-085,HK51hbBJTsq,NhSoXUMPK2K,18
MOH 731 Community ART current (F) HV03-086,Y18_HV03-086,CiLlRuQL2AQ,NhSoXUMPK2K,18
MOH 731 Screen CaCx_New F18+ HV03-087,Y18_HV03-087,kLOV2cSRS3i,NhSoXUMPK2K,18
MOH 731 Clinical visits_F18+ HV03-088,Y18_HV03-088,OL1vSu52qrw,NhSoXUMPK2K,18
MOH 731 On modern FP _F18+ HV03-089,Y18_HV03-089,vX9DQZHcQRm,NhSoXUMPK2K,18
MOH 731 Circumcised_<1 HV04-01,Y18_HV04-01,ZPcn7zMAZ1V,NhSoXUMPK2K,18
MOH 731 Circumcised_1-9yr HV04-02,Y18_HV04-02,GGKtWopm7vD,NhSoXUMPK2K,18
MOH 731 Circumcised_10-14 HV04-03,Y18_HV04-03,hx68TrqkSh1,NhSoXUMPK2K,18
MOH 731 Circumcised_15-19 HV04-04,Y18_HV04-04,i99a9CT4YeV,NhSoXUMPK2K,18
MOH 731 Circumcised_20-24 HV04-05,Y18_HV04-05,WyVWHKRa4i8,NhSoXUMPK2K,18
MOH 731 Circumcised_25+ HV04-06,Y18_HV04-06,yivJXC2pAOM,NhSoXUMPK2K,18
MOH 731 Circumcised_Total HV04-07,Y18_HV04-07,dcuHzdP43Tt,NhSoXUMPK2K,18
MOH 731 Circumcised_ HIV+ HV04-08,Y18_HV04-08,H6zXw6KeKb7,NhSoXUMPK2K,18
MOH 731 Circumcised_ HIV- HV04-09,Y18_HV04-09,zhY6Bj4mKt8,NhSoXUMPK2K,18
MOH 731 Circumcised_HIV NK HV04-10,Y18_HV04-10,R8GqrTWygR4,NhSoXUMPK2K,18
MOH 731 Surgical HV04-11,Y18_HV04-11,JYYtp6AwPD6,NhSoXUMPK2K,18
MOH 731 Devices HV04-12,Y18_HV04-12,BOJNBgkeXBu,NhSoXUMPK2K,18
MOH 731 AE_During_Moderate HV04-13,Y18_HV04-13,KzhBouepg13,NhSoXUMPK2K,18
MOH 731 AE_During_Severe HV04-14,Y18_HV04-14,zVZywwIJxcR,NhSoXUMPK2K,18
MOH 731 AE_Post_Moderate HV04-15,Y18_HV04-15,OseYV3376eB,NhSoXUMPK2K,18
MOH 731 AE_Post_Severe HV04-16,Y18_HV04-16,kzlGNwD5SMc,NhSoXUMPK2K,18
MOH 731 Follow up visit <14d HV04-17,Y18_HV04-17,ZkAhKhZxRp5,NhSoXUMPK2K,18
MOH 731 Exposed_Occupational HV05-01,Y18_HV05-01,v3dZh9KqTv0,NhSoXUMPK2K,18
MOH 731 Exposed_Other HV05-02,Y18_HV05-02,BHbWgZR2CAQ,NhSoXUMPK2K,18
MOH 731 Exposed_Total HV05-03,Y18_HV05-03,DO8TG2tc7M0,NhSoXUMPK2K,18
MOH 731 PEP_Occupational HV05-05,Y18_HV05-05,SMUVPzuyFAB,NhSoXUMPK2K,18
MOH 731 PEP_Other HV05-06,Y18_HV05-06,KrDWcJMS9Vi,NhSoXUMPK2K,18
MOH 731 PEP_Total HV05-07,Y18_HV05-07,WQlvPW3w3IJ,NhSoXUMPK2K,18
MOH 731 KeyPop on MAT HV06-01,Y18_HV06-01,a3GYG7B0AZU,NhSoXUMPK2K,18
MOH 731 MAT clients HIV+ HV06-02,Y18_HV06-02,OuqOHS02uvU,NhSoXUMPK2K,18
MOH 731 HIV+ MAT Clients on ART HV06-03,Y18_HV06-03,joRfQbNfg23,NhSoXUMPK2K,18
MOH 731 KeyPop who are PWID HV06-04,Y18_HV06-04,AzuCQPugful,NhSoXUMPK2K,18
MOH 731_EMTCT_Known Positive at 1st ANC_HV02-01,Y23_HV02-01A,e9YgXAmC0qf,NhSoXUMPK2K,23
MOH 731_EMTCT_Tested at ANC_Initial_HV02-02,Y23_HV02-02,JNjdyMxJbrR,NhSoXUMPK2K,23
MOH 731_EMTCT_Tested at ANC_Retest_HV02-03,Y23_HV02-03,mA13hGdhvJg,NhSoXUMPK2K,23
MOH 731_EMTCT_Tested at L&D_Initial_HV02-04,Y23_HV02-04,OWymB1SSCdJ,NhSoXUMPK2K,23
MOH 731_EMTCT_Tested at L&D_Retest_HV02-05,Y23_HV02-05,FAVeDhz5C0M,NhSoXUMPK2K,23
MOH 731_EMTCT_Tested at PNC_<=6 weeks_Initial_HV02-06,Y23_HV02-06,Qvr08fM3So0,NhSoXUMPK2K,23
MOH 731_EMTCT_Tested at PNC_<=6 weeks_Retest_HV02-07,Y23_HV02-07,VA1eRS6jyVQ,NhSoXUMPK2K,23
MOH 731_EMTCT_Tested at PNC_>6 weeks_Initial_HV02-08,Y23_HV02-08,dWb5WVJBsCx,NhSoXUMPK2K,23
MOH 731_EMTCT_Tested at PNC_>6 weeks_Retest_HV02-09,Y23_HV02-09,JYlISoemFES,NhSoXUMPK2K,23
MOH 731_EMTCT_Positive Results_ANC_HV02-10,Y23_HV02-10,gmaBILMqfJ8,NhSoXUMPK2K,23
MOH 731_EMTCT_Positive Results _L&D_HV02-11,Y23_HV02-11,vk1y3YRXzBO,NhSoXUMPK2K,23
MOH 731_EMTCT_Positive Results_PNC <=6weeks_HV02-12,Y23_HV02-12,yttRVTEafO4,NhSoXUMPK2K,23
MOH 731_EMTCT_Positive PNC >6weeks_HV02-13,Y23_HV02-13,ZImJQtnhnnW,NhSoXUMPK2K,23
MOH 731_EMTCT_On HAART at 1st ANC_HV02-14,Y23_HV02-14,O9Wyf1FMHcM,NhSoXUMPK2K,23
MOH 731_EMTCT_Start HAART_ANC_HV02-15,Y23_HV02-15,diGK4TSNrR5,NhSoXUMPK2K,23
MOH 731_EMTCT_Start HAART_L&D_HV02-16,Y23_HV02-16,wxETEFjrhWD,NhSoXUMPK2K,23
MOH 731_EMTCT_Start HAART_PNC <= 6 weeks_HV02-17,Y23_HV02-17,pXEM1iOAetW,NhSoXUMPK2K,23
MOH 731_EMTCT_Start HAART_PNC>6weeks_HV02-18,Y23_HV02-18,TsFi6pln4HG,NhSoXUMPK2K,23
MOH 731_EMTCT_Screened_ HBV_ANC_HV02-19,Y23_HV02-19,IGo0FkkbnpV,NhSoXUMPK2K,23
MOH 731_EMTCT_HBV Screened_Positive_HV02-20,Y23_HV02-20,uyiCVgsYrMp,NhSoXUMPK2K,23
MOH 731_EMTCT_1st ANC KP_10-19yrs_HV02-21,Y23_HV02-21,Ve3noBz9ZMO,NhSoXUMPK2K,23
MOH 731_EMTCT_1st ANC KP_20-24yrs_HV02-22,Y23_HV02-22,WDExz4zDX05,NhSoXUMPK2K,23
MOH 731_EMTCT_New HIV Positive_10-19yrs_HV02-23,Y23_HV02-23,TmChSZmxXHH,NhSoXUMPK2K,23
MOH 731_EMTCT_New HIV Positive_20-24yrs_HV02-24,Y23_HV02-24,VplC1J92BSF,NhSoXUMPK2K,23
MOH 731_EMTCT_On HAART 1st ANC KP_10-19yrs_HV02-25,Y23_HV02-25,idfjkkvaPeY,NhSoXUMPK2K,23
MOH 731_EMTCT_On HAART 1st ANC KP_20-24yrs_HV02-26,Y23_HV02-26,GAGiPmPxKg7,NhSoXUMPK2K,23
MOH 731_EMTCT_Started HAART New_10-19yrs_HV02-27,Y23_HV02-27,ZDD8J1NJbfU,NhSoXUMPK2K,23
MOH 731_EMTCT_Started HAART New_20-24yrs_HV02-28,Y23_HV02-28,St7iirwxf8l,NhSoXUMPK2K,23
MOH 731_EMTCT_Infant ARV Prophylaxis_ANC_HV02-29,Y23_HV02-29,sanbALfhGAB,NhSoXUMPK2K,23
MOH 731_EMTCT_Infant ARV Prophylaxis_L&D_HV02-30,Y23_HV02-30,iJMAo3xIZsz,NhSoXUMPK2K,23
MOH 731_EMTCT_Infant ARV Prophylaxis_PNC_HV02-31,Y23_HV02-31,ykdf3QSKaeW,NhSoXUMPK2K,23
MOH 731_EMTCT_Below 6 months_Exclusive Breastfeeding (EBF)_HV02-32,Y23_HV02-32,aIa1pVqGlFl,NhSoXUMPK2K,23
MOH 731_EMTCT_6 to 24 months_Breastfeeding (BF)_HV02-33,Y23_HV02-33,lYTPT6UVTbz,NhSoXUMPK2K,23
MOH 731_EMTCT_6 to 24 months_Not Breastfeeding (NBF)_HV02-34,Y23_HV02-34,hZaAlxuQjHT,NhSoXUMPK2K,23
MOH 731_HIV_TB_StartART_<1 (M) HV03-01,Y23_HV03-01,EPupthjgHvW,NhSoXUMPK2K,23
MOH 731_HIV_TB_StartART_25+_(M)_HV03-013,Y23_HV03-013,ecqBDcPXmXd,NhSoXUMPK2K,23
MOH 731_HIV_TB_StartART_25+_(F)_HV03-014,Y23_HV03-014,wqeNk7m5ota,NhSoXUMPK2K,23
MOH 731_HIV_TB_OnART_<1 (M) HV03-015,Y23_HV03-015,MznGrMiRYoI,NhSoXUMPK2K,23
MOH 731_HIV_TB_OnART_<1 (F) HV03-016,Y23_HV03-016,OjfPFN6k49U,NhSoXUMPK2K,23
MOH 731_HIV_TB_OnART_1-4 (M) HV03-017,Y23_HV03-017,ZzqJfnuxQcr,NhSoXUMPK2K,23
MOH 731_HIV_TB_OnART_1-4 (F) HV03-018,Y23_HV03-018,RLW8RcVMQ7U,NhSoXUMPK2K,23
MOH 731_HIV_TB_OnART_5-9(M)HV03-019,Y23_HV03-019,Mlzh8XAy7tC,NhSoXUMPK2K,23
MOH 731_HIV_TB_StartART_<1 (F) HV03-02,Y23_HV03-02,mvZ6HDD8FaI,NhSoXUMPK2K,23
MOH 731_HIV_TB_OnART_5-9 (F) HV03-020,Y23_HV03-020,pfpngkIkJte,NhSoXUMPK2K,23
MOH 731_HIV_TB_OnART_10-14_(M)_HV03-021,Y23_HV03-021,Znoc9rhbdBM,NhSoXUMPK2K,23
MOH 731_HIV_TB_OnART_10-14_(F)_HV03-022,Y23_HV03-022,ScPUqF0Y9iR,NhSoXUMPK2K,23
MOH 731_HIV_TB_OnART_15-19_(M)_HV03-023,Y23_HV03-023,yNBvvJH1WDk,NhSoXUMPK2K,23
MOH 731_HIV_TB_OnART_15-19_(F)_HV03-024,Y23_HV03-024,Z7Mhv4Iitme,NhSoXUMPK2K,23
MOH 731_HIV_TB_OnART_20-24_(M)_HV03-025,Y23_HV03-025,TBxEiC0QnKh,NhSoXUMPK2K,23
MOH 731_HIV_TB_OnART_20-24_(F)_HV03-026,Y23_HV03-026,zSDvIBJbXbx,NhSoXUMPK2K,23
MOH 731_HIV_TB_OnART_25+_(M)_HV03-027,Y23_HV03-027,A3tGIJeZnYy,NhSoXUMPK2K,23
MOH 731_HIV_TB_OnART_25+_(F)_HV03-028,Y23_HV03-028,pZsEt5UJli5,NhSoXUMPK2K,23
MOH 731_HIV_TB_ScreenforTB_<15 HV03-029,Y23_HV03-029,ByXDJGz6DT4,NhSoXUMPK2K,23
MOH 731_HIV_TB_StartART_1-4 (M) HV03-03,Y23_HV03-03,QYHSfraZSfk,NhSoXUMPK2K,23
MOH 731_HIV_TB_ScreenforTB_15+ HV03-030,Y23_HV03-030,Cwu375Z4TPN,NhSoXUMPK2K,23
MOH 731_HIV_TB_StartTPT_<15 HV03-031,Y23_HV03-031,Q1oSbJzJX0r,NhSoXUMPK2K,23
MOH 731_HIV_TB_StartTPT_15+ HV03-032,Y23_HV03-032,DEB8YYpIoG4,NhSoXUMPK2K,23
MOH 731_HIV_TB_Diff_Service_Delivery_Established HV03-033,Y23_HV03-033,R1t8ZCVVzGA,NhSoXUMPK2K,23
MOH 731_HIV_TB_Diff_Service_Delivery_Not Established HV03-034,Y23_HV03-034,cPDPTqNmIRz,NhSoXUMPK2K,23
MOH 731_HIV_TB_Diff_Service_Delivery_Community HV03-035,Y23_HV03-035,JLJwdUlAG6S,NhSoXUMPK2K,23
MOH 731_HIV_TB_Diff_Service_Delivery_Facility HV03-036,Y23_HV03-036,q1vJMHbKXtB,NhSoXUMPK2K,23
MOH 731_HIV_TB_Num_Sam_0-59Months HV03-037,Y23_HV03-037,nGD7IkS32or,NhSoXUMPK2K,23
MOH 731_HIV_TB_Num_Sam_5-9Years HV03-038,Y23_HV03-038,vwbg9CWtt9A,NhSoXUMPK2K,23
MOH 731_HIV_TB_Num_Sam_10-14yearsHV03-039,Y23_HV03-039,Zv2sW71iTmB,NhSoXUMPK2K,23
MOH 731_HIV_TB_StartART_1-4 (F) HV03-04,Y23_HV03-04,cbTy9mLysBY,NhSoXUMPK2K,23
MOH 731_HIV_TB_Num_Sam_15-19Years HV03-040,Y23_HV03-040,R4TfYioXSxo,NhSoXUMPK2K,23
MOH 731_HIV_TB_Num_Sam_20+ HV03-041,Y23_HV03-041,g7EitMO66Wt,NhSoXUMPK2K,23
MOH 731_HIV_TB_Num_Sam_Pregnant & Lactating HV03-042,Y23_HV03-042,NbqCcHtB8i5,NhSoXUMPK2K,23
MOH 731_HIV_TB_Num_Sam_0-59Months HV03-043,Y23_HV03-043,W61CI4pcols,NhSoXUMPK2K,23
MOH 731_HIV_TB_Num_Sam_5-9Years HV03-044,Y23_HV03-044,r17Xme6fjlm,NhSoXUMPK2K,23
MOH 731_HIV_TB_Num_Sam_10_14Years HV03-045,Y23_HV03-045,FnKBjLImniW,NhSoXUMPK2K,23
MOH 731_HIV_TB_Num_Sam_15-19Years HV03-046,Y23_HV03-046,oxYTZiYoAW7,NhSoXUMPK2K,23
MOH 731_HIV_TB_Num_Sam_20+ HV03-047,Y23_HV03-047,wft4GPSstKW,NhSoXUMPK2K,23
MOH 731_HIV_TB_Num_Sam_Pregnant & Lactating HV03-048,Y23_HV03-048,lYMLRSDvKpS,NhSoXUMPK2K,23
MOH 731_HIV_TB_Num_Sam_Rec_TF_0-59Months HV03-049,Y23_HV03-049,BZQdaxIMmW1,NhSoXUMPK2K,23
MOH 731_HIV_TB_StartART_5-9 (M) HV03-05,Y23_HV03-05,bg6lIhba13W,NhSoXUMPK2K,23
MOH 731_HIV_TB_Num_Sam_Rec_TF_5-9Years HV03-050,Y23_HV03-050,Vtb5L6AGNTu,NhSoXUMPK2K,23
MOH 731_HIV_TB_Num_Sam_Rec_TF_10-14years HV03-051,Y23_HV03-051,xbyphzQa3gL,NhSoXUMPK2K,23
MOH 731_HIV_TB_Num_Sam_Rec_TF_15-19Years HV03-052,Y23_HV03-052,hJA5hxXi2AZ,NhSoXUMPK2K,23
MOH 731_HIV_TB_Num_Sam_Rec_TF_20+ HV03-053,Y23_HV03-053,Aw8hNe4FL2x,NhSoXUMPK2K,23
MOH 731_HIV_TB_Num_Sam_Rec_TF_Pregnant & Lactating HV03-054,Y23_HV03-054,R3lw5SzB2XK,NhSoXUMPK2K,23
MOH 731_HIV_TB_Num_mam_Rec_SF_0-59Months HV03-055,Y23_HV03-055,EowokmpJJAp,NhSoXUMPK2K,23
MOH 731_HIV_TB_Num_mam_Rec_SF_5-9Years HV03-056,Y23_HV03-056,P3Qob1L58EE,NhSoXUMPK2K,23
MOH 731_HIV_TB_Num_mam_Rec_SF_10-14years HV03-057,Y23_HV03-057,fL9ikn7wMRl,NhSoXUMPK2K,23
MOH 731_HIV_TB_Num_mam_Rec_SF_15-19Years HV03-058,Y23_HV03-058,gaAvAuCjbor,NhSoXUMPK2K,23
MOH 731_HIV_TB_Num_mam_Rec_SF_20+ HV03-059,Y23_HV03-059,bwDLJol0pdB,NhSoXUMPK2K,23
MOH 731_HIV_TB_StartART_5-9 (F) HV03-06,Y23_HV03-06,KrzxLDTWPg0,NhSoXUMPK2K,23
MOH 731_HIV_TB_Num_mam_Rec_SF_Pregnant & Lactating HV03-060,Y23_HV03-060,g2JRk66BZs7,NhSoXUMPK2K,23
MOH 731_HIV_TB_TB cases_New_HV03-061,Y23_HV03-061,BxnquTA9aH6,NhSoXUMPK2K,23
MOH 731_HIV_TB_TB New_KnownHIVPositive(KPs)_HV03-062,Y23_HV03-062,piB2I01pJv0,NhSoXUMPK2K,23
MOH 731_HIV_TB_TB_New HIV Positive_HV03-063,Y23_HV03-063,c2CKDZK1a7l,NhSoXUMPK2K,23
MOH 731_HIV_TB_TB_New_Known HIV Positive (KP) on HAART_HV03-064,Y23_HV03-064,xaBqUomGyrx,NhSoXUMPK2K,23
MOH 731_HIV_TB_TB New_start_HAART_HV03-065,Y23_HV03-065,eCvmYBoSWj8,NhSoXUMPK2K,23
MOH 731_HIV_TB_StartART_10-14_(M)_HV03-07,Y23_HV03-07,j9A0xvkS9Oq,NhSoXUMPK2K,23
MOH 731_HIV_TB_StartART_10-14_(F)_HV03-08,Y23_HV03-08,WrpwwPc2B5L,NhSoXUMPK2K,23
MOH 731_HIV_TB_StartART_15-19_(M)_HV03-09,Y23_HV03-09,LNbtoPX4T5u,NhSoXUMPK2K,23
MOH 731_HIV_TB_StartART_15-19_(F)_HV03-10,Y23_HV03-10,hghrXKeLL64,NhSoXUMPK2K,23
MOH 731_HIV_TB_StartART_20-24_(M)_HV03-11,Y23_HV03-11,GpNMb7u6UfG,NhSoXUMPK2K,23
MOH 731_HIV_TB_StartART_20-24_(F)_HV03-12,Y23_HV03-12,Wx1akAFx4tW,NhSoXUMPK2K,23
MOH 731_VMMC_Circumcised_0-60 days HV04-01,Y23_HV04-01,HWw6liVZTe6,NhSoXUMPK2K,23
MOH 731_VMMC_Circumcised_61 days -9 yrs HV04-02,Y23_HV04-02,PZBh1RdTXGy,NhSoXUMPK2K,23
MOH 731_VMMC_Circumcised_10-14_HV04-03,Y23_HV04-03,euAAyN6vlbJ,NhSoXUMPK2K,23
MOH 731_VMMC_Circumcised_15 + HV04-04,Y23_HV04-04,SMqVHbydiw9,NhSoXUMPK2K,23
MOH 731_VMMC_Tested_ HIV+ HV04-05,Y23_HV04-05,WtdSsO6j57f,NhSoXUMPK2K,23
MOH 731_VMMC_Tested_ HIV- HV04-06,Y23_HV04-06,pG0tRKCZlVQ,NhSoXUMPK2K,23
MOH 731_VMMC_Surgical_HV04-07,Y23_HV04-07,HBC29CDWXuu,NhSoXUMPK2K,23
MOH 731_VMMC_Devices_HV04-08,Y23_HV04-08,qYzIq5BLV0B,NhSoXUMPK2K,23
MOH 731_VMMC_AE_During_Moderate_HV04-09,Y23_HV04-09,I1Co0xwzr9y,NhSoXUMPK2K,23
MOH 731_VMMC_AE_During_Severe_HV04-10,Y23_HV04-10,rVHCxD6rYlK,NhSoXUMPK2K,23
MOH 731_VMMC_AE_Post_Moderate_HV04-11,Y23_HV04-11,Pd22g1oVSIs,NhSoXUMPK2K,23
MOH 731_VMMC_AE_Post_Severe_HV04-12,Y23_HV04-12,zi0FAD8Aroz,NhSoXUMPK2K,23
MOH 731_VMMC_Follow up visit <14d_HV04-13,Y23_HV04-13,rKImUKx3gKr,NhSoXUMPK2K,23
MOH 731_PEP_Exposed_Occupational_HV05-01,Y23_HV05-01,ApZVruksiWs,NhSoXUMPK2K,23
MOH 731_PEP_Exposed_Other_HV05-02,Y23_HV05-02,d7P2W8yxgHh,NhSoXUMPK2K,23
MOH 731_PEP_PEP_Occupational_HV05-03,Y23_HV05-03,qMLE8kZLLBz,NhSoXUMPK2K,23
MOH 731_PEP_PEP_Other_HV05-04,Y23_HV05-04,UEKmLFHhOs7,NhSoXUMPK2K,23